name|price|description|author_id


Тестова назва|1488|Тестовий&опис&да 23905472095|658217734814957578

123|123|123|1154105417283150034

Тінь|100|Колір ролі: <:tile000:1229524507211993248>|1227716638636380200

Виноград|100|Колір ролі: <:tile001:1229524833499349134>|1227716638636380200

Невизначеність|100|Колір ролі: <:tile002:1229524511888507063>|1227716638636380200

Червоне полум'я|100|Колір ролі: <:tile003:1229524830605279263>|1227716638636380200

Чорне море|100|Колір ролі: <:tile004:1229524515734818887>|1227716638636380200

Діамант|100|Колір ролі: <:tile005:1229524488719302758>|1227716638636380200

Сніжок|100|Колір ролі: <:tile006:1229524490313273345>|1227716638636380200

Квітка|100|Колір ролі: <:tile007:1229524491546267749>|1227716638636380200

Хвоя|100|Колір ролі: <:tile008:1229524493031047168>|1227716638636380200

Великодка|100|Колір ролі: <:tile009:1229524494381744188>|1227716638636380200

Левада|100|Колір ролі: <:tile010:1229524495820128316>|1227716638636380200

Палючий пісок|100|Колір ролі: <:tile011:1229524497611227219>|1227716638636380200

Гарбуз|100|Колір ролі: <:tile012:1229524499653988383>|1227716638636380200

Вечірнє небо|100|Колір ролі: <:tile013:1229524500920401952>|1227716638636380200

Лимон|100|Колір ролі: <:tile014:1229524503152037979>|1227716638636380200

Світло|100|Колір ролі: <:tile015:1229524832174211133>|1227716638636380200

1|1|1|1154105417283150034

Тінь|100|Колір нікнейму|1227716638636380200

Виноград|100|Колір нікнейму|1227716638636380200

Невизначеність|100|Колір нікнейму|1227716638636380200

Червоне полум'я|100|Колір нікнейму|1227716638636380200

Чорне море|100|Колір нікнейму|1227716638636380200

Діамант|100|Колір нікнейму|1227716638636380200

Сніжок|100|Колір нікнейму|1227716638636380200

Квітка|100|Колір нікнейму|1227716638636380200

Хвоя|100|Колір нікнейму|1227716638636380200

Великодка|100|Колір нікнейму|1227716638636380200

Левада|100|Колір нікнейму|1227716638636380200

Палючий пісок|100|Колір нікнейму|1227716638636380200

Гарбуз|100|Колір нікнейму|1227716638636380200

Вечірнє небо|100|Колір нікнейму|1227716638636380200

Лимон|100|Колір нікнейму|1227716638636380200

Світло|100|Колір нікнейму|1227716638636380200

Тінь|100|Колір нікнейму|1232013919086837820

Виноград|100|Колір нікнейму|1232013919086837820

Невизначеність|100|Колір нікнейму|1232013919086837820

Червоне полум'я|100|Колір нікнейму|1232013919086837820

Чорне море|100|Колір нікнейму|1232013919086837820

Діамант|100|Колір нікнейму|1232013919086837820

Сніжок|100|Колір нікнейму|1232013919086837820

Квітка|100|Колір нікнейму|1232013919086837820

Хвоя|100|Колір нікнейму|1232013919086837820

Великодка|100|Колір нікнейму|1232013919086837820

Левада|100|Колір нікнейму|1232013919086837820

Палючий пісок|100|Колір нікнейму|1232013919086837820

Гарбуз|100|Колір нікнейму|1232013919086837820

Вечірнє небо|100|Колір нікнейму|1232013919086837820

Лимон|100|Колір нікнейму|1232013919086837820

Світло|100|Колір нікнейму|1232013919086837820
